INSERT INTO recipe_summaries(name, serving_size, prep_time_min, cook_time_min, calories)  VALUES
('Rocky Road Brownies', 9, 10, 30, NULL),
('Mabon Brownies', 9, 10, 30, NULL),
('Tiramisu', 18, 1440 ,20, NULL),
('Not-so-Hot and Sour Soup', 8, 20, 40, NULL),
('Vegan Brownies', 9, 10, 30, NULL),
('Espresso Brownies', 9, 10, 30, NULL),
('Basic Brownies', 9, 10, 30, NULL);

INSERT INTO recipe_full(recipe_id, description) VALUES
(4, '1. Press the tofu to remove excess water. \n 2. Heat 1 tsp oil in a soup pot. Toss in sliced ginger and chopped green onion. Pan fry until starting to brown. \n 3. Add vegetable broth and let steep for at least 5 minutes. Remove ginger and green onion. Add in soy sauce and rice vinegar. \n 4. Chop mushrooms and toss in. \n 5. Once mushrooms have noticeable shrunk, chop and toss in tofu. \n 6. Let sit for about 15 minutes. \n 7. Whisk eggs. While stirring the soup, pour the eggs in a steady stream, aiming to create ribbons. \n 8. Add the sesame oil, then salt and pepper to taste.'),
(1, '1. Preheat oven to 350F \n 2. Line baking pan with parchment paper \n 3. mix melted butter and sugar. Then whisk in the milk and vanilla \n 4. Combine flour, cocoa powder, baking powder, and salt in separate bowl \n 5. Mix the dry mixture with the butter and sugar mixture until well combined \n 6. Fold in chocolate chips, marshmallows, and walnuts \n 7. Spread batter in baking pan evenly \n 8. Bake for 25-30 minutes, or until edges look hardened and top looks set \n 9. Let cool before cutting and serving'),
(7, '1. Preheat oven to 350F \n 2. Line baking pan with parchment paper \n 3. mix melted butter and sugar. Then whisk in the milk and vanilla \n 4. Combine flour, cocoa powder, baking powder, and salt in separate bowl \n 5. Mix the dry mixture with the butter and sugar mixture until well combined \n 6. Fold in chocolate chips \n 7. Spread batter in baking pan evenly \n 8. Bake for 25-30 minutes, or until edges look hardened and top looks set \n 9. Let cool before cutting and serving'),
(5, '1. Preheat oven to 350F \n 2. Line baking pan with parchment paper \n 3. mix melted butter and sugar. Then whisk in the milk and vanilla \n 4. Combine flour, cocoa powder, baking powder, and salt in separate bowl \n 5. Mix the dry mixture with the butter and sugar mixture until well combined \n 6. Fold in chocolate chips \n 7. Spread batter in baking pan evenly \n 8. Bake for 25-30 minutes, or until edges look hardened and top looks set \n 9. Let cool before cutting and serving'),
(6, '1. Preheat oven to 350F \n 2. Line baking pan with parchment paper \n 3. mix melted butter and sugar. Then whisk in the milk, Espresso, and vanilla \n 4. Combine flour, cocoa powder, baking powder, and salt in separate bowl \n 5. Mix the dry mixture with the butter and sugar mixture until well combined \n 6. Fold in chocolate chips \n 7. Spread batter in baking pan evenly \n 8. Bake for 25-30 minutes, or until edges look hardened and top looks set \n 9. Let cool before cutting and serving'),
(2, '1. Preheat oven to 350F \n 2. Line baking pan with parchment paper \n 3. mix melted butter and sugar. Then whisk in the milk and vanilla \n 4. Combine flour, cocoa powder, baking powder, and salt in separate bowl \n 5. Mix the dry mixture with the butter and sugar mixture until well combined \n 6. Fold in chocolate chips, cranberries, pomegranate seeds, and persimmon slices. \n 7. Spread batter in baking pan evenly \n 8. Bake for 25-30 minutes, or until edges look hardened and top looks set \n 9. Let cool before cutting and serving'),
(3, '1. Whisk egg yolks and sugar in a double boiler for 15 minutes. Set aside to cool. \n 2. Whip heavy cream. \n 3. Add small amount of rum and mascarpone to cooled egg mixture, and mix until smooth. \n 4. Fold mascarpone mixture into whipped cream. \n 5. Soak ladyfingers in rum and coffee mixture. \n 6. Alternate layers of ladyfingers and cream mixture. \n 7. Top with cocoa powder. \n 8. Let rest in fridge at least 12 hours before serving.');

INSERT INTO recipe_ingredients(recipe_id, ingredient_id, unit_id, amount) VALUES
(4, 'ginger', 3, 1),
(4, 'green onion', 8, 6),
(4, 'shiitake mushrooms', 1, 1),
(4, 'tofu', 10, 1),
(4, 'vegetable broth', 1, 8),
(4, 'rice vinegar', 1, 0.25),
(4, 'sesame oil', 2, 2),
(4, 'soy sauce', 1, 0.25),
(4, 'eggs', 7, '4'),
(4, 'salt', 9, 0),
(4, 'white pepper', 9, 0),
(1, 'butter', 1, 0.5),
(1, 'sugar', 1, 1.5),
(1, 'milk', 1, 0.33),
(1, 'vanilla extract', 2, 3),
(1, 'flour', 1, 1),
(1, 'cocoa powder', 1, 0.75),
(1, 'baking powder', 2, 0.75),
(1, 'salt', 2, 0.25 ),
(1, 'chocolate chips', 1, 1),
(1, 'marshmallows', 1, 0.5),
(1, 'walnuts', 1, 0.5),
(7, 'butter', 1, 0.5),
(7, 'sugar', 1, 1.5),
(7, 'milk', 1, 0.33),
(7, 'vanilla extract', 2, 3),
(7, 'flour', 1, 1),
(7, 'cocoa powder', 1, 0.75),
(7, 'baking powder', 2, 0.75),
(7, 'salt', 2, 0.25),
(7, 'chocolate chips', 1, 1),
(6, 'butter', 1, 0.5),
(6, 'sugar', 1, 1.5),
(6, 'milk', 1, 0.33),
(6, 'vanilla extract', 2, 3),
(6, 'flour', 1, 1.25),
(6, 'cocoa powder', 1, 0.75),
(6, 'baking powder', 2, 0.75),
(6, 'salt', 2, 0.5),
(6, 'chocolate chips', 1, 1),
(6, 'espresso', 5, 4),
(5, 'neutral vegetable oil', 1, 0.5),
(5, 'sugar', 1, 1.5),
(5, 'plant milk', 1, 0.33),
(5, 'vanilla extract', 2, 3),
(5, 'flour', 1, 1),
(5, 'cocoa powder', 1, 0.75),
(5, 'baking powder', 2, 0.75),
(5, 'salt', 2, 0.25),
(5, 'chocolate chips', 1, 1),
(2, 'butter', 1, 0.5),
(2, 'sugar', 1, 1.5),
(2, 'milk', 1, 0.33),
(2, 'vanilla extract', 2, 3),
(2, 'flour', 1, 1),
(2, 'cocoa powder', 1, 0.75),
(2, 'baking powder', 2, 0.75),
(2, 'salt', 2, 0.25),
(2, 'chocolate chips', 1, 1),
(2, 'pomegranate seeds', 1, 0.5),
(2, 'dried persimmon slices', 1, 0.5),
(2, 'dried cranberries', 1, 0.5),
(3, 'egg yolks', 7, '4'),
(3, 'sugar', 1, 0.25),
(3, 'mascarpone', 1, 1),
(3, 'ladyfingers', 10, 2),
(3, 'rum', 6, 4),
(3, 'coffee', 1, 1),
(3, 'heavy whipping cream', 1, 1),
(3, 'cocoa powder', 9, 0);

INSERT INTO recipe_categories(recipe_id, category_id) VALUES
(4, 2),
(1, 1),
(3, 1),
(7, 1),
(6, 1),
(5, 1),
(2, 1);

INSERT INTO recipe_diets(recipe_id, diet_id) VALUES
(7, 5),
(6, 5),
(5, 6),
(5, 5),
(3, 5),
(4, 5),
(1, 5),
(2, 5),
(7, 7),
(6, 7),
(5, 7),
(3, 7),
(4, 7),
(1, 7),
(7, 8),
(6, 8),
(5, 8),
(3, 8),
(4, 8),
(1, 8);