INSERT INTO RecipeSummary(name, ServingSize, prepTime, cookTime, calories)  VALUES
('Rocky Road Brownies', 9, 10, 30, NULL),
('Mabon Brownies', 9, 10, 30, NULL),
('Tiramisu', 18, 1440 ,20, NULL),
('Not-so-Hot and Sour Soup', 8, 20, 40, NULL),
('Vegan Brownies', 9, 10, 30, NULL),
('Espresso Brownies', 9, 10, 30, NULL),
('Basic Brownies', 9, 10, 30, NULL);

INSERT INTO FullRecipe(recipeName, IngredientList, Steps) VALUES
('Not-so-Hot and Sour Soup', '{salt, white pepper, ginger, green onion, eggs, shiitake mushrooms, tofu, vegetable broth, rice vinegar, sesame oil, soy sauce}', '1. Press the tofu to remove excess water. \n 2. Heat 1 tsp oil in a soup pot. Toss in sliced ginger and chopped green onion. Pan fry until starting to brown. \n 3. Add vegetable broth and let steep for at least 5 minutes. Remove ginger and green onion. Add in soy sauce and rice vinegar. \n 4. Chop mushrooms and toss in. \n 5. Once mushrooms have noticeable shrunk, chop and toss in tofu. \n 6. Let sit for about 15 minutes. \n 7. Whisk eggs. While stirring the soup, pour the eggs in a steady stream, aiming to create ribbons. \n 8. Add the sesame oil, then salt and pepper to taste.'),
('Rocky Road Brownies', '{butter, sugar, milk, vanilla extract, flour, cocoa powder, baking powder, salt, chocolate chips, marshmallows, walnuts}', '1. Preheat oven to 350F \n 2. Line baking pan with parchment paper \n 3. mix melted butter and sugar. Then whisk in the milk and vanilla \n 4. Combine flour, cocoa powder, baking powder, and salt in separate bowl \n 5. Mix the dry mixture with the butter and sugar mixture until well combined \n 6. Fold in chocolate chips, marshmallows, and walnuts \n 7. Spread batter in baking pan evenly \n 8. Bake for 25-30 minutes, or until edges look hardened and top looks set \n 9. Let cool before cutting and serving'),
('Basic Brownies', '{butter, sugar, milk, vanilla extract, flour, cocoa powder, baking powder, salt, chocolate chips}', '1. Preheat oven to 350F \n 2. Line baking pan with parchment paper \n 3. mix melted butter and sugar. Then whisk in the milk and vanilla \n 4. Combine flour, cocoa powder, baking powder, and salt in separate bowl \n 5. Mix the dry mixture with the butter and sugar mixture until well combined \n 6. Fold in chocolate chips \n 7. Spread batter in baking pan evenly \n 8. Bake for 25-30 minutes, or until edges look hardened and top looks set \n 9. Let cool before cutting and serving'),
('Vegan Brownies', '{neutral vegetable oil, sugar, plant milk, vanilla extract, flour, cocoa powder, baking powder, salt, chocolate chips}', '1. Preheat oven to 350F \n 2. Line baking pan with parchment paper \n 3. mix melted butter and sugar. Then whisk in the milk and vanilla \n 4. Combine flour, cocoa powder, baking powder, and salt in separate bowl \n 5. Mix the dry mixture with the butter and sugar mixture until well combined \n 6. Fold in chocolate chips \n 7. Spread batter in baking pan evenly \n 8. Bake for 25-30 minutes, or until edges look hardened and top looks set \n 9. Let cool before cutting and serving'),
('Espresso Brownies', '{butter, sugar, milk, vanilla extract, flour, cocoa powder, baking powder, salt, chocolate chips, Espresso}', '1. Preheat oven to 350F \n 2. Line baking pan with parchment paper \n 3. mix melted butter and sugar. Then whisk in the milk, Espresso, and vanilla \n 4. Combine flour, cocoa powder, baking powder, and salt in separate bowl \n 5. Mix the dry mixture with the butter and sugar mixture until well combined \n 6. Fold in chocolate chips \n 7. Spread batter in baking pan evenly \n 8. Bake for 25-30 minutes, or until edges look hardened and top looks set \n 9. Let cool before cutting and serving'),
('Mabon Brownies', '{butter, sugar, milk, vanilla extract, flour, cocoa powder, baking powder, salt, chocolate chips, dried persimmon slices, pomegranate seeds, dried cranberries}', '1. Preheat oven to 350F \n 2. Line baking pan with parchment paper \n 3. mix melted butter and sugar. Then whisk in the milk and vanilla \n 4. Combine flour, cocoa powder, baking powder, and salt in separate bowl \n 5. Mix the dry mixture with the butter and sugar mixture until well combined \n 6. Fold in chocolate chips, cranberries, pomegranate seeds, and persimmon slices. \n 7. Spread batter in baking pan evenly \n 8. Bake for 25-30 minutes, or until edges look hardened and top looks set \n 9. Let cool before cutting and serving'),
('Tiramisu', '{egg yolks, sugar, mascarpone, ladyfingers, rum, coffee, heavy whipping cream, cocoa powder}', '1. Whisk egg yolks and sugar in a double boiler for 15 minutes. Set aside to cool. \n 2. Whip heavy cream. \n 3. Add small amount of rum and mascarpone to cooled egg mixture, and mix until smooth. \n 4. Fold mascarpone mixture into whipped cream. \n 5. Soak ladyfingers in rum and coffee mixture. \n 6. Alternate layers of ladyfingers and cream mixture. \n 7. Top with cocoa powder. \n 8. Let rest in fridge at least 12 hours before serving.');


INSERT INTO RecipeIngredients(recipeName, ingredientName, amounts) VALUES
('Not-so-Hot and Sour Soup', 'ginger', '1 thumb'),
('Not-so-Hot and Sour Soup', 'green onion', '6 stalks'),
('Not-so-Hot and Sour Soup', 'shiitake mushrooms', '1 cup'),
('Not-so-Hot and Sour Soup', 'tofu', '1 package'),
('Not-so-Hot and Sour Soup', 'vegetable broth', '6-8 cups'),
('Not-so-Hot and Sour Soup', 'rice vinegar', '0.25 cup'),
('Not-so-Hot and Sour Soup', 'sesame oil', '2 tsps'),
('Not-so-Hot and Sour Soup', 'soy sauce', '0.25 cup'),
('Not-so-Hot and Sour Soup', 'eggs', '4'),
('Not-so-Hot and Sour Soup', 'salt', 'to taste'),
('Not-so-Hot and Sour Soup', 'white pepper', 'to taste'),
('Rocky Road Brownies', 'butter', '0.5 cup'),
('Rocky Road Brownies', 'sugar', '1.5 cup'),
('Rocky Road Brownies', 'milk', '0.33 cup'),
('Rocky Road Brownies', 'vanilla extract', '3 tsp'),
('Rocky Road Brownies', 'flour', '1 cup'),
('Rocky Road Brownies', 'cocoa powder', '0.75 cup'),
('Rocky Road Brownies', 'baking powder', '0.75 tsp'),
('Rocky Road Brownies', 'salt', '0.25 tsp'),
('Rocky Road Brownies', 'chocolate chips', '1 cup'),
('Rocky Road Brownies', 'marshmallows', '0.5 cup'),
('Rocky Road Brownies', 'walnuts', '0.5 cup'),
('Basic Brownies', 'butter', '0.5 cup'),
('Basic Brownies', 'sugar', '1.5 cup'),
('Basic Brownies', 'milk', '0.33 cup'),
('Basic Brownies', 'vanilla extract', '3 tsp'),
('Basic Brownies', 'flour', '1 cup'),
('Basic Brownies', 'cocoa powder', '0.75 cup'),
('Basic Brownies', 'baking powder', '0.75 tsp'),
('Basic Brownies', 'salt', '0.25 tsp'),
('Basic Brownies', 'chocolate chips', '1 cup'),
('Espresso Brownies', 'butter', '0.5 cup'),
('Espresso Brownies', 'sugar', '1.5 cup'),
('Espresso Brownies', 'milk', '0.33 cup'),
('Espresso Brownies', 'vanilla extract', '3 tsp'),
('Espresso Brownies', 'flour', '1.25 cup'),
('Espresso Brownies', 'cocoa powder', '0.75 cup'),
('Espresso Brownies', 'baking powder', '0.75 tsp'),
('Espresso Brownies', 'salt', '0.5 tsp'),
('Espresso Brownies', 'chocolate chips', '1 cup'),
('Espresso Brownies', 'espresso', '4 shots'),
('Vegan Brownies', 'neutral vegetable oil', '0.5 cup'),
('Vegan Brownies', 'sugar', '1.5 cup'),
('Vegan Brownies', 'plant milk', '0.33 cup'),
('Vegan Brownies', 'vanilla extract', '3 tsp'),
('Vegan Brownies', 'flour', '1 cup'),
('Vegan Brownies', 'cocoa powder', '0.75 cup'),
('Vegan Brownies', 'baking powder', '0.75 tsp'),
('Vegan Brownies', 'salt', '0.25 tsp'),
('Vegan Brownies', 'chocolate chips', '1 cup'),
('Mabon Brownies', 'butter', '0.5 cup'),
('Mabon Brownies', 'sugar', '1.5 cup'),
('Mabon Brownies', 'milk', '0.33 cup'),
('Mabon Brownies', 'vanilla extract', '3 tsp'),
('Mabon Brownies', 'flour', '1 cup'),
('Mabon Brownies', 'cocoa powder', '0.75 cup'),
('Mabon Brownies', 'baking powder', '0.75 tsp'),
('Mabon Brownies', 'salt', '0.25 tsp'),
('Mabon Brownies', 'chocolate chips', '1 cup'),
('Mabon Brownies', 'pomegranate seeds', '0.5 cup'),
('Mabon Brownies', 'dried persimmon slices', '0.5 cup'),
('Mabon Brownies', 'dried cranberries', '0.5 cup'),
('Tiramisu', 'egg yolks', '4'),
('Tiramisu', 'sugar', '0.25 cup'),
('Tiramisu', 'mascarpone', '1 cup'),
('Tiramisu', 'ladyfingers', '2 packs'),
('Tiramisu', 'rum', 'at least 4 tbsp'),
('Tiramisu', 'coffee', 'at least 1 cup'),
('Tiramisu', 'heavy whipping cream', '1 cup'),
('Tiramisu', 'cocoa powder', 'to taste');

INSERT INTO RecipeCategory(recipeName, categoryName) VALUES
('Not-so-Hot and Sour Soup', 'Soups and Stews'),
('Rocky Road Brownies', 'Desserts and Sweets'),
('Tiramisu', 'Desserts and Sweets'),
('Basic Brownies', 'Desserts and Sweets'),
('Espresso Brownies', 'Desserts and Sweets'),
('Vegan Brownies', 'Desserts and Sweets'),
('Mabon Brownies', 'Desserts and Sweets');

INSERT INTO RecipeDiet(recipeName, dietName) VALUES
('Basic Brownies', 'Vegetarian'),
('Espresso Brownies', 'Vegetarian'),
('Vegan Brownies', 'Vegan'),
('Vegan Brownies', 'Vegetarian'),
('Tiramisu', 'Vegetarian'),
('Not-so-Hot and Sour Soup', 'Vegetarian'),
('Rocky Road Brownies', 'Vegetarian'),
('Mabon Brownies', 'Vegetarian'),
('Basic Brownies', 'Halal-friendly'),
('Espresso Brownies', 'Halal-friendly'),
('Vegan Brownies', 'Halal-friendly'),
('Tiramisu', 'Halal-friendly'),
('Not-so-Hot and Sour Soup', 'Halal-friendly'),
('Rocky Road Brownies', 'Halal-friendly'),
('Basic Brownies', 'Kosher-friendly'),
('Espresso Brownies', 'Kosher-friendly'),
('Vegan Brownies', 'Kosher-friendly'),
('Tiramisu', 'Kosher-friendly'),
('Not-so-Hot and Sour Soup', 'Kosher-friendly'),
('Rocky Road Brownies', 'Kosher-friendly');