INSERT INTO RecipeSummary(name, ServingSize, prepTime, cookTime, calories) VALUES
('Korean Style Popcorn Chicken', 3, 40, 25, 758);

INSERT INTO FullRecipe(recipeName, IngredientList, Steps) VALUES
('Korean Style Popcorn Chicken', '{chicken thigh, Korean rice cake, rice wine, ginger powder, salt, black pepper, potato starch, cooking oil, ketchup, gochujang, honey, brown sugar, soy sauce, sesame oil, garlic}',
'1. Place chicken pieces in a bowl. Add rice wine, ginger powder, salt, and black pepper. Mix well, cover, and marinate in the fridge for 30 mins. \n 2. Coat each chicken piece thoroughly with potato starch. \n 3. Heat cooking oil in a deep saucepan to 175C/347F. Deep fry rice cakes in batches for under 10 seconds until outer layer is crispy. Set aside on paper towels. \n 4. Deep fry battered chicken in batches for 2-3 mins until golden and cooked through. Set aside on paper towels. For extra crunch, double fry the chicken. \n 5. Mix ketchup, gochujang, honey, brown sugar, soy sauce, sesame oil, and minced garlic in a bowl. \n 6. Pour sauce into a heated skillet and bring to boil on medium heat for 1-2 mins, stirring constantly, until slightly thickened. \n 7. Add fried chicken and rice cakes and coat quickly and thoroughly with sauce. Garnish with crushed nuts or green onion. Serve immediately.');

INSERT INTO RecipeIngredients(recipeName, ingredientName, amounts) VALUES
('Korean Style Popcorn Chicken', 'chicken thigh', '500g'),
('Korean Style Popcorn Chicken', 'Korean rice cake', '150g'),
('Korean Style Popcorn Chicken', 'rice wine', '1 tbsp'),
('Korean Style Popcorn Chicken', 'ginger powder', '2 tsp'),
('Korean Style Popcorn Chicken', 'salt', '0.5 tsp'),
('Korean Style Popcorn Chicken', 'black pepper', '0.25 tsp'),
('Korean Style Popcorn Chicken', 'potato starch', '1 cup'),
('Korean Style Popcorn Chicken', 'cooking oil', 'for deep frying'),
('Korean Style Popcorn Chicken', 'ketchup', '5 tbsp'),
('Korean Style Popcorn Chicken', 'gochujang', '1.5 tbsp'),
('Korean Style Popcorn Chicken', 'honey', '2 tbsp'),
('Korean Style Popcorn Chicken', 'brown sugar', '2 tbsp'),
('Korean Style Popcorn Chicken', 'soy sauce', '1 tbsp'),
('Korean Style Popcorn Chicken', 'sesame oil', '2 tsp'),
('Korean Style Popcorn Chicken', 'garlic', '0.5 tsp');

INSERT INTO RecipeCategory(recipeName, categoryName) VALUES
('Korean Style Popcorn Chicken', 'Snacks');

INSERT INTO RecipeDiet(recipeName, dietName) VALUES
('Korean Style Popcorn Chicken', 'Halal-friendly');

INSERT INTO RecipeSummary(name, ServingSize, prepTime, cookTime, calories) VALUES
('Tteokbokki', 2, 10, 10, 381);

INSERT INTO FullRecipe(recipeName, IngredientList, Steps) VALUES
('Tteokbokki', '{Korean rice cake, Korean fish cake, Korean soup stock, onion, gochujang, sugar, soy sauce, garlic, gochugaru, sesame seeds, sesame oil, green onion}',
'1. Soak rice cakes in warm water for 10 minutes. (Skip if using fresh tender rice cakes.) \n 2. Mix gochujang, sugar, soy sauce, minced garlic, and gochugaru in a bowl to make the sauce. \n 3. Boil soup stock in a shallow pot over medium high heat. Dissolve the sauce into the stock by stirring with a spatula. \n 4. Once boiling, add rice cakes, fish cakes, and sliced onion. Boil for 3-5 mins until rice cakes are fully cooked. \n 5. Simmer on low heat for a further 2-4 mins to thicken the sauce and deepen the flavor. \n 6. Add sesame oil, sesame seeds, and chopped green onion. Stir quickly and serve warm.');

INSERT INTO RecipeIngredients(recipeName, ingredientName, amounts) VALUES
('Tteokbokki', 'Korean rice cake', '350g'),
('Tteokbokki', 'Korean fish cake', '150g'),
('Tteokbokki', 'Korean soup stock', '2 cups'),
('Tteokbokki', 'onion', '60g'),
('Tteokbokki', 'gochujang', '3 tbsp'),
('Tteokbokki', 'sugar', '1.5 tbsp'),
('Tteokbokki', 'soy sauce', '1 tbsp'),
('Tteokbokki', 'garlic', '1 tsp'),
('Tteokbokki', 'gochugaru', '1 tsp'),
('Tteokbokki', 'sesame seeds', '1 tsp'),
('Tteokbokki', 'sesame oil', '1 tsp'),
('Tteokbokki', 'green onion', '1 stalk');

INSERT INTO RecipeCategory(recipeName, categoryName) VALUES
('Tteokbokki', 'Snacks');

INSERT INTO RecipeDiet(recipeName, dietName) VALUES
('Tteokbokki', 'Halal-friendly');

INSERT INTO RecipeSummary(name, ServingSize, prepTime, cookTime, calories) VALUES
('Jajangmyeon', 6, 20, 30, 522);

INSERT INTO FullRecipe(recipeName, IngredientList, Steps) VALUES
('Jajangmyeon', '{jajangmyeon noodles, onion, zucchini, potato, button mushrooms, cabbage, pork, rice wine, salt, black pepper, ginger powder, Korean black bean paste, lard, brown sugar, chicken stock, potato starch, cucumber}',
'1. Rinse pork and pat dry. Mix with rice wine, salt, black pepper, and ginger powder. Marinate for 15 mins. \n 2. Cut onion, zucchini, and potato into small cubes. Thin slice mushrooms. Cut cabbage into small to medium pieces. Julienne cut cucumber and set aside for topping. \n 3. Heat wok and add lard. Add black bean paste and stir constantly on medium heat for 3-5 mins. Add brown sugar and stir for 2-3 more mins. Scoop out the paste and set aside, leaving the oil in the wok. \n 4. Add pork to wok and stir until half cooked. Add onion, zucchini, and potato and stir for 3-5 mins until 1/3 cooked. Add mushrooms and cabbage and stir for 2-3 mins. \n 5. Add the black bean paste back in and mix with vegetables. Stir for 1-2 mins. Add chicken stock, water, and rice wine and simmer for 5-7 mins on medium heat. \n 6. Mix potato starch with water to make a slurry and stir into the wok to thicken the sauce. \n 7. Boil noodles in a separate pot for 3-5 mins. Rinse in cold water and drain. Place in serving bowls. \n 8. Pour black bean sauce over noodles. Top with cucumber. Mix well and serve immediately.');

INSERT INTO RecipeIngredients(recipeName, ingredientName, amounts) VALUES
('Jajangmyeon', 'jajangmyeon noodles', '1kg'),
('Jajangmyeon', 'onion', '1 large'),
('Jajangmyeon', 'zucchini', '1 medium'),
('Jajangmyeon', 'potato', '2 large'),
('Jajangmyeon', 'button mushrooms', '7 large'),
('Jajangmyeon', 'cabbage', '0.25 small head'),
('Jajangmyeon', 'pork', '600g'),
('Jajangmyeon', 'rice wine', '5 tbsp'),
('Jajangmyeon', 'salt', 'to taste'),
('Jajangmyeon', 'black pepper', 'to taste'),
('Jajangmyeon', 'ginger powder', '0.25 tsp'),
('Jajangmyeon', 'Korean black bean paste', '6 tbsp'),
('Jajangmyeon', 'lard', '90g'),
('Jajangmyeon', 'brown sugar', '2 tbsp'),
('Jajangmyeon', 'chicken stock', '1 cup'),
('Jajangmyeon', 'potato starch', '5 tbsp'),
('Jajangmyeon', 'cucumber', '1 large');

INSERT INTO RecipeCategory(recipeName, categoryName) VALUES
('Jajangmyeon', 'Main Dishes');